,A,B,C,D
2000-01-01,0.5289422852659053,-1.5914066934598607,2.3325155356593816,-1.3351318379666872
2000-01-02,1.4065935632686832,-1.9580167080560138,2.6331869072236342,-2.968544384037843
2000-01-03,1.365839901045148,-1.918710598100199,1.6576502902294692,-3.7992042226388083
2000-01-04,1.0355686640639186,-2.282467801225667,2.6774796566929906,-3.0077793197126446
2000-01-05,0.5878086224962221,-3.056690392229055,2.3046885114344873,-3.128937192089891
2000-01-06,0.7749500772979911,-3.336215971006286,1.7123467987840892,-4.308077740548795
2000-01-07,0.1752824176902631,-2.8567276482336386,2.944091531851699,-3.573128362512799
2000-01-08,0.6596423378235067,-2.2669676018534144,4.168717733903212,-2.7588878724286134
2000-01-09,2.3445281092719066,-5.081716979354748,3.125434782769588,-3.758437349730886
2000-01-10,4.077096917295197,-4.9424199218419815,2.1062945465993446,-3.6088038215997438
2000-01-11,5.190382149557709,-5.082208199749626,4.7513213566365256,-1.767660053691838
2000-01-12,4.921499873348527,-3.12183257038249,5.415590260546146,-1.0825268134901287
2000-01-13,5.937474553499699,-3.614402356631305,5.006105123423027,0.1553121621090794
2000-01-14,6.290916662732478,-3.487687084333455,4.99597608420186,1.611278368793188
2000-01-15,6.605759282714786,-3.358118234440685,5.059371503829792,-0.23446969407896234
2000-01-16,7.224518492606841,-2.68904621565512,6.070631846644863,0.09165533880712967
2000-01-17,6.454233564375538,-1.642528045888979,4.204717606055729,1.1125555546495525
2000-01-18,7.443236545439794,-0.16404408351259558,4.078154911026767,0.997845409113365
2000-01-19,6.238677711661286,-0.05319931003634637,3.3716749161717265,0.913525405241441
2000-01-20,6.278681290105409,0.5128544687133272,2.6421490159081045,1.7139064033005011
2000-01-21,6.213807396385913,1.0511661504960763,3.5402180153026137,1.690331610806815
2000-01-22,8.173179135638911,1.347224491844332,3.536336671530265,1.0648099412423448
2000-01-23,8.010541802012506,3.473642174094733,4.532010035505555,1.0486860742765647
2000-01-24,8.016582132033768,4.583879828686604,5.08033258728855,0.049651608819092696
2000-01-25,8.569515694955244,3.8093450553084516,4.27711650815287,0.4756614603704291
2000-01-26,10.421553930660302,4.812509369733357,2.4285281427374046,-0.7878176502809943
2000-01-27,10.255641480675825,4.616075057472246,1.5100820401063175,-1.3056709318942437
2000-01-28,9.361043820788682,4.881457935139086,0.174860479226151,-0.9577259858377459
2000-01-29,9.158918248446968,5.287426277642674,0.06960892317412797,-0.07758796652000532
2000-01-30,9.575413989069897,5.691142085363987,-0.8045656169228241,-0.6285134688066925
2000-01-31,9.924308483324973,6.57354879969436,0.09583284176140427,-1.0989287513517276
2000-02-01,8.508914500397628,7.615795496327295,-0.39310842584222006,-1.4558795627366343
2000-02-02,9.004860532629555,7.714034224641581,0.026143604534587195,-2.159269687965537
2000-02-03,11.131796705235752,7.7606967571720995,-0.6912995069784363,-3.0484056883179784
2000-02-04,12.1845642957652,9.388045691180553,-0.41478827561719495,-5.201567205132164
2000-02-05,11.39015388636889,9.329045751488362,-0.2445786710692917,-5.082527718151782
2000-02-06,11.626647467695571,7.946764645713053,0.25067483423493564,-4.221176969950191
2000-02-07,13.177889528851127,7.779798824156951,0.046756949014240934,-3.8103399164950615
2000-02-08,14.541588355349234,6.913071857486078,0.21526024520722647,-2.9460692434138607
2000-02-09,15.182766074343197,7.824012083392065,0.37194659174345274,-2.8736885040802007
2000-02-10,14.99444104020147,6.321272701734545,0.7890121563754231,-3.341079222370386
2000-02-11,15.65587485162939,6.8689920218648295,0.8676062380757947,-4.316973075887485
2000-02-12,16.173729975535412,7.634197230777215,1.1066769787085193,-6.270517215068501
2000-02-13,19.06367082980715,8.800598143818753,1.0579031079479877,-8.392627579763403
2000-02-14,22.091214626088284,9.184408678476162,1.4158957007483457,-6.67907671075895
2000-02-15,23.218464033452825,7.995772589096182,0.9110195460552976,-6.083625278872846
2000-02-16,24.833943772944227,8.03081388595884,-0.17054098492827363,-7.830122972406803
2000-02-17,26.946267474967797,8.869422220532856,0.6677033875929158,-7.06907600343007
2000-02-18,28.566033207109623,9.257057954895336,-0.43557488073844997,-7.3540651168890205
2000-02-19,27.873298776886685,9.089563791860341,-1.394590608004099,-7.280834169703843
2000-02-20,28.00062120150448,8.852110442621049,-2.364274539601283,-6.269124216764398
2000-02-21,28.00298882050242,10.177513589837844,-3.1335082917541794,-5.871100396216125
2000-02-22,29.086948047041904,8.379714786623358,-4.392495857668126,-6.536151799777396
2000-02-23,26.81824303281333,8.208210238743208,-4.13637277286306,-5.712543357986098
2000-02-24,27.6530545221097,6.116990663369509,-3.7824626578852407,-5.55638187118382
2000-02-25,28.492551521932423,5.778166698733892,-4.793138497535875,-5.298056249074579
2000-02-26,29.376447722336273,3.463777047660221,-4.9439842244332945,-4.622326505120226
2000-02-27,28.791493941319885,4.688693033535143,-6.7071359307769995,-5.578884872805357
2000-02-28,30.063793606336997,5.151346159924838,-8.821104408244125,-4.360841263646442
2000-02-29,30.577251829912267,4.164464074407605,-9.351725132547838,-4.367660835550793
2000-03-01,29.236306040942925,4.20793966839623,-12.54060652155968,-5.430573504233687
2000-03-02,31.758174892399886,4.5012396156883945,-10.680429797733382,-4.613424089794475
2000-03-03,31.45640579079094,4.555755865199129,-10.891487164279637,-5.758412341067075
2000-03-04,31.649937238622268,4.350567763481026,-10.881599163159644,-4.458857756923915
2000-03-05,32.37324531909415,3.572826244412199,-11.351186491758273,-4.258972062736891
2000-03-06,33.50551303842411,5.624869397922465,-10.969150924981404,-5.253495123311787
2000-03-07,34.03354731642885,7.278405033671107,-10.32946156082058,-5.153791027875682
2000-03-08,33.10099510307676,8.034717717237509,-8.156236280429955,-5.234232080833765
2000-03-09,32.63058575578125,7.616347139416444,-7.2027122789178755,-6.09977091141993
2000-03-10,33.75981557040751,7.229555504967182,-7.079409473981524,-5.195540705960498
2000-03-11,34.88605715713652,5.686597898746642,-10.422308342320427,-5.355777184254186
2000-03-12,36.05784650043444,5.938446524623898,-10.203417675479606,-5.093356059678309
2000-03-13,36.43163338008603,5.7609285103665355,-10.571890217420307,-4.6082118187242385
2000-03-14,35.738420595563376,5.992455052814405,-10.922770516086207,-4.08058383459114
2000-03-15,37.76045837666514,4.439826445611459,-10.990610066634902,-7.2985242960527525
2000-03-16,38.10909168588244,3.263653213412664,-11.489431823405589,-6.684360585103729
2000-03-17,36.95657128200483,1.551228203442044,-11.749889941750448,-7.390215295534403
2000-03-18,36.46186271069761,1.0994904093767384,-11.863361721328928,-7.721516381516822
2000-03-19,35.75306665580733,0.8596573309041494,-12.356130557070713,-8.128675967393875
2000-03-20,36.47603465019568,0.5601276095964094,-10.323212416280647,-10.021696265839807
2000-03-21,35.22531579152118,0.6199568452505663,-9.925357393476776,-8.721345836042262
2000-03-22,35.39574161216692,0.3526168252788905,-9.42917090101772,-9.388775655116007
2000-03-23,34.43496052049995,0.4353301538078106,-8.606531301124788,-9.307746397853247
2000-03-24,33.91731047456909,0.10891167202464919,-7.215460475485958,-8.591803446950822
2000-03-25,33.666601022710125,1.1075953276279293,-7.252069919056266,-9.009713332586134
2000-03-26,33.52816240482302,0.48145837909614764,-7.600876162286187,-6.950547703267485
2000-03-27,32.86710135266956,0.7841873430133366,-8.218138458723292,-6.105038343086729
2000-03-28,31.952175952828586,0.10061213260276103,-7.099697903502337,-7.124651633227489
2000-03-29,33.28780939879213,-0.48827069248776767,-8.770793005025435,-7.036867210237001
2000-03-30,33.687012059491174,-1.843638991338581,-8.11099072574322,-8.085723641542584
2000-03-31,32.16417726006265,-2.250652828079912,-7.931300138492329,-8.375629878048873
2000-04-01,32.42547809131261,-2.941847048536033,-7.93344722260104,-9.368565506952939
2000-04-02,33.080902803962616,-4.2258579032646,-6.9023092789546965,-7.591856216756962
2000-04-03,31.85331622925317,-5.048514098086196,-7.4622219944041825,-7.7069521401573695
2000-04-04,32.0456105377699,-5.275419637453219,-4.698955817588811,-8.377235302525506
2000-04-05,33.574034738350555,-6.50401883315979,-5.401979120622353,-8.756704559773576
2000-04-06,34.14251153437973,-6.199663775101942,-4.255584531789113,-8.994043335235938
2000-04-07,33.15890188321559,-6.938206499241183,-3.1305041868473293,-8.028316417390956
2000-04-08,34.36505447223756,-7.452967980254569,-1.8003482880168002,-8.036547708512952
2000-04-09,33.566258185100885,-6.883120843350203,-2.9879453845799513,-7.782853152824679
2000-04-10,34.1677012096145,-7.232475026205701,-2.7664379706446476,-7.529030830356136
2000-04-11,33.84344133558431,-6.919596367499455,-3.7701220020547885,-7.692909168636945
2000-04-12,33.25314409270347,-5.7560307554841135,-4.325949862448248,-7.834220761147603
2000-04-13,34.94640510879385,-6.284982035113748,-5.155953598818234,-9.49025223060093
2000-04-14,35.02278790709449,-6.767308551494867,-3.80505377898446,-11.501030358647492
2000-04-15,34.43006539679228,-7.976432703201657,-3.9304055287292603,-11.187915344359117
2000-04-16,34.02422209606105,-8.765674179656523,-4.416413188544704,-10.057908659660098
2000-04-17,35.61014757271327,-7.785594385965027,-4.335922657787804,-9.83521623707884
2000-04-18,34.332642831389244,-7.0301634381369835,-4.537784534548311,-10.825860783143114
2000-04-19,33.82273032103977,-7.048484720791603,-4.817617401851202,-10.223357536178181
2000-04-20,33.35896837547327,-4.982776494225472,-5.488134287586835,-11.686343037932543
2000-04-21,34.0463897904871,-5.836228826267471,-6.082384196203126,-12.265876922998686
2000-04-22,33.26247101001212,-4.648133002964664,-6.941162477212431,-11.080994109969252
2000-04-23,32.07064841538795,-4.804875088496496,-7.031704196915816,-8.912960213649288
2000-04-24,32.27654197844016,-3.5746779810238536,-6.463924712858862,-9.064963526230855
2000-04-25,32.3029475077892,-4.0076797711242875,-6.579955967121975,-8.052803270478227
2000-04-26,32.85165940342043,-3.9771073069849896,-7.105441038777564,-8.89347410625242
2000-04-27,34.17547109496217,-5.770156327772726,-8.227056766654723,-8.823955901299323
2000-04-28,34.32821538805405,-6.003832727123334,-8.321561160713644,-6.533709299319563
2000-04-29,34.38126833501004,-5.708282272486088,-5.9368953529113595,-6.832492655284217
2000-04-30,33.23080769982929,-5.637047126360332,-5.742671881199586,-5.629922637719195
2000-05-01,32.483854763802746,-5.261611360619233,-4.694771106453572,-8.056040220429173
2000-05-02,31.92612507946108,-5.665905481685294,-6.275458117026734,-8.255828111559214
2000-05-03,31.823306780483197,-4.574236763977803,-6.479779207793192,-7.5043628150266395
2000-05-04,30.5289084420707,-4.759013522603664,-5.351832622475246,-8.6017013466122
2000-05-05,30.385836301994942,-4.143318762916283,-6.383905003081175,-9.037539384528257
2000-05-06,31.156918140494618,-4.781021481420537,-6.264248190426221,-8.912376384009377
2000-05-07,31.744522560953268,-4.8586239435104,-6.929126716223465,-9.570424078865486
2000-05-08,30.416800190794913,-5.689755432546099,-4.790047103618649,-9.397609498803284
2000-05-09,29.36009765670656,-7.34131404466666,-3.764218177449119,-10.537434037634835
2000-05-10,29.769520111492643,-9.179127035844793,-2.8321427542223074,-11.658915989692016
2000-05-11,31.96530693108693,-9.88579968338575,-1.7821925504553824,-12.000084194789533
2000-05-12,31.019492307926967,-11.276241373305545,-2.9080102088677346,-12.345242681313788
2000-05-13,31.949417834604922,-10.67656018972817,-3.7441316456771805,-12.577527740476249
2000-05-14,32.0996643872742,-8.593929807594794,-3.8888231482353577,-13.162392939650369
2000-05-15,32.18225666604543,-9.067061157910258,-4.7404126820049814,-13.837041917127918
2000-05-16,33.66548936446686,-9.181784706348799,-4.404014479093016,-13.820144198912804
2000-05-17,34.424636302073125,-11.828057390486567,-3.0567985691818986,-14.600321938243814
2000-05-18,33.383393753158764,-10.637065319289288,-2.2268792156358352,-14.180840647098151
2000-05-19,32.45665756299288,-11.20034862308211,-2.5319366820881384,-15.15260307362003
2000-05-20,33.17515118399551,-11.640107149219796,-2.854337753074871,-15.442894141083002
2000-05-21,34.50181357716717,-12.346323970546337,-2.8486352042433363,-14.479871772677786
2000-05-22,35.33555102738904,-12.927292259888747,-1.975589855849396,-15.118910188916464
2000-05-23,34.721426724426216,-11.957844004711093,-1.5465341632613074,-15.448046678745312
2000-05-24,34.436834092069965,-11.959396364122687,-1.5275133181074387,-15.699221822901617
2000-05-25,33.277227861070905,-10.077245453055582,-0.09384184257748229,-15.78140350319273
2000-05-26,36.08621911106045,-10.831965605494661,0.25665077500464156,-16.67458308409143
2000-05-27,37.77808993662854,-10.859898098774837,0.14755428416264643,-16.977695103076424
2000-05-28,38.55427121089811,-10.344596240282351,0.40197474746369666,-16.198020390022236
2000-05-29,38.531035370258024,-10.03673717248242,-0.042265927270464076,-15.642014127253471
2000-05-30,37.57656644071658,-10.315904715600343,-0.8978859550334051,-14.78202467795265
2000-05-31,36.7090479084746,-9.726385494782592,-0.7143126103108124,-15.336272592051383
2000-06-01,35.46810994329284,-9.280202459974827,-0.6780545047541648,-15.642352994629796
2000-06-02,33.72188592212273,-9.973159684182187,0.31077667535291986,-16.551539177231415
2000-06-03,34.9830496648582,-9.06649923773537,-1.171563275979,-17.24891730080589
2000-06-04,34.11816566579484,-9.799451341737411,-0.563845504629248,-18.825912122182334
2000-06-05,34.16704516118432,-9.986937819410066,-0.7146387117356081,-17.760801853869015
2000-06-06,34.497432683746446,-10.631030514178772,0.04715495881098064,-17.24880510643903
2000-06-07,35.768976812742004,-11.322199716476174,-0.7291994701957465,-17.4004393897309
2000-06-08,35.89271269155897,-12.825710463466347,-2.4539465009902557,-17.18582310471922
2000-06-09,35.685765956334954,-13.449649718856197,-2.8213955453054163,-19.12931451632711
2000-06-10,35.26257249211195,-12.57114500869681,-1.765814874355099,-19.313431327229445
2000-06-11,35.10086958440376,-12.431244505540961,0.7390189249932624,-19.126412680504405
2000-06-12,35.52834612815297,-12.252922417586987,1.152677195520199,-18.609791906350743
2000-06-13,34.30582795990869,-11.09775327525707,2.5963483895090698,-18.62342560976571
2000-06-14,35.47150970700217,-11.800176903676503,2.3919923521964463,-16.768569579856095
2000-06-15,36.32748855335138,-12.555322556445176,0.5445205766943322,-14.934833524786951
2000-06-16,36.13469319732215,-11.140466534859968,3.708027951783489,-14.506784247394288
2000-06-17,36.61071150938974,-11.90896086353959,4.8820433114751625,-14.987540784701547
2000-06-18,35.919287027113576,-12.354206667958753,4.202097475003837,-14.256428601767682
2000-06-19,35.77568469106245,-13.523891598727854,3.863846679492929,-15.039296836231207
2000-06-20,35.720529777923076,-14.718238887052314,5.226976976839364,-14.078300351272526
2000-06-21,35.43151439830793,-15.27880908451525,6.678219543278585,-14.806991955138361
2000-06-22,34.9632179046793,-16.27662108550472,6.306444930860508,-14.931724822353743
2000-06-23,37.83725009780466,-13.888532849909156,5.79202583925454,-13.843107741308383
2000-06-24,38.35327290494598,-14.10412523176324,6.129615631140743,-15.388728776145925
2000-06-25,37.37415616558524,-12.226294050416435,4.164940827753776,-15.263316483632732
2000-06-26,37.50342788615617,-13.35647969848586,3.967899196466494,-14.362635509784585
2000-06-27,35.99681053995256,-14.291702812269174,3.8484877981723273,-13.668439686130691
2000-06-28,37.69165199488084,-16.697181366386882,4.066789288114844,-14.186717623347105
2000-06-29,38.121939921944026,-16.908702989330003,3.914059644582335,-14.64633763442396
2000-06-30,37.36872087820718,-16.743734318990374,6.00018643178128,-16.24915095476142
2000-07-01,37.948881764363094,-15.178914702212529,8.141019622400687,-16.08757457030519
2000-07-02,36.96055607140243,-13.488669077763982,6.757732683798139,-15.467925951861837
2000-07-03,37.35061885558669,-12.881106887325545,7.186891309000379,-16.256386594379528
2000-07-04,37.10274632293549,-13.467544725701568,6.969958525424902,-16.692760307016414
2000-07-05,36.530368065829954,-13.823579103364752,5.855136552286658,-16.173564077435696
2000-07-06,35.83507517232706,-13.287518751620825,6.431232694912089,-15.993280170856366
2000-07-07,34.266722935801496,-12.430134285520083,5.3584198497299,-16.249533309131614
2000-07-08,33.50155197598388,-12.380923019403067,6.899720648625162,-16.10394222825051
2000-07-09,32.2154318418488,-11.885489140820829,6.605364825245216,-16.001896302243452
2000-07-10,32.17507414857125,-10.79370279390021,5.961194374019343,-15.510307070376216
2000-07-11,34.013774308455595,-9.722109849842287,5.177159921560013,-15.897315898508685
2000-07-12,33.599898856992,-10.651112456166553,4.037853952219048,-15.820826680148473
2000-07-13,31.552559943270147,-10.863191810540986,3.5526123001334824,-16.14450217646472
2000-07-14,33.29105207600062,-11.2627988775083,3.610986720440356,-16.824908889635417
2000-07-15,33.626483794028886,-10.372832887538172,4.330892284710449,-18.534471594414455
2000-07-16,33.48425103116969,-9.431091287682948,4.379103162389785,-17.788321153452674
2000-07-17,33.46874208914807,-9.103517741589362,5.628626289645021,-17.206868360383876
2000-07-18,34.2544981791854,-9.209808174854151,5.52001385857738,-17.45117909491595
2000-07-19,35.50441397253053,-8.58643913283555,5.918550099157833,-17.610660446690705
2000-07-20,36.27079247410479,-9.389183416262346,6.112217360222419,-16.811443637359698
2000-07-21,34.43858189083554,-10.03675030713883,4.425852896926527,-15.873025348919613
2000-07-22,34.32113489159532,-11.17523254286616,4.186541655767279,-13.73328478636359
2000-07-23,34.1185115098121,-10.769681117010714,3.6885066356082397,-14.657092594495765
2000-07-24,34.69553517322131,-11.329751749027448,3.273266242556034,-14.27504113442129
2000-07-25,33.27132686332081,-12.680041616331279,3.278274283866651,-12.906687016210865
2000-07-26,32.372866211877756,-11.21203655663147,4.542100557785466,-13.704917902076378
2000-07-27,33.25118511770726,-12.303499223704586,5.438001606540354,-14.520123356334832
2000-07-28,34.12545995098124,-13.752479689853807,5.9445065357009526,-14.94608650723731
2000-07-29,33.54757265470124,-14.551725647663106,4.8110445452461015,-15.07877878206353
2000-07-30,34.28509853462582,-16.419668546567674,6.3125198178008235,-16.04866800091682
2000-07-31,35.0034319489888,-15.158720123849296,4.49472401676868,-17.413834764056244
2000-08-01,35.8261880191081,-15.800536408674809,4.266919328386754,-16.646896132683334
2000-08-02,35.71996414550166,-15.970466836035566,5.1441774806890965,-15.268500436908912
2000-08-03,36.47518714964852,-15.620296970692229,4.306093999425267,-14.549899588392321
2000-08-04,35.022573054944075,-17.349754895545207,3.1229967894545037,-14.79229088265414
2000-08-05,34.67983615831844,-17.311769024903946,2.7078126538237925,-15.862375891801255
2000-08-06,34.38066932107204,-17.370007438704718,1.8347279281686215,-18.26625336916062
2000-08-07,34.029600404963915,-17.16294875325113,1.9543497239965837,-18.2687225686228
2000-08-08,33.64124332061581,-17.14374632204649,1.0947233531855753,-19.48440194097384
2000-08-09,34.909423858295376,-16.895646446296215,0.960650427291399,-18.298753309922237
2000-08-10,36.02833151240127,-17.20541525272297,-0.06486762874732921,-18.5746400636227
2000-08-11,35.28708056292814,-17.250523917317405,-0.17243682889720358,-18.467329091680096
2000-08-12,35.130955914782746,-18.884612891585395,0.24424154090974887,-18.330907406619023
2000-08-13,35.31043294177823,-19.256428093879613,-0.5393329565526992,-18.53723185838481
2000-08-14,35.04816226074945,-18.8085074329029,0.2645776356815408,-17.930865422136296
2000-08-15,34.328036719553445,-19.183756619551644,2.2178223990319417,-18.169107669882184
2000-08-16,34.89183654025827,-17.653907629796024,1.2115635553947697,-18.228369834459468
2000-08-17,35.323139638552895,-15.465513545924638,1.0431836054143377,-17.84249542695747
2000-08-18,34.51238697295227,-15.467259715191974,3.492660915748484,-16.014413187310176
2000-08-19,35.88259486677562,-15.059918226795588,4.587703202257682,-15.436483386230142
2000-08-20,34.909032753004844,-14.119072940395123,3.2462748540517357,-15.063929730662446
2000-08-21,35.74403161750258,-13.27176577270313,4.252915206762108,-15.293008880525038
2000-08-22,37.20920126357841,-11.298777668403321,3.84593412114603,-15.372257111741886
2000-08-23,37.3091049628339,-12.715920393255425,2.771094830974888,-12.978315977471912
2000-08-24,36.473635508502085,-12.946911579210147,2.556922760452762,-13.573869536201636
2000-08-25,38.23467280524773,-14.15542830124245,3.851806758062436,-12.75926228424837
2000-08-26,39.05428953373588,-14.464821950221268,2.9030886020192126,-13.016601931397268
2000-08-27,38.45533680630108,-14.917388430997422,3.948649534871871,-13.33787164679043
2000-08-28,38.570090335003314,-15.546619141693842,3.567993618503466,-15.442538843823796
2000-08-29,40.07327360987474,-16.079832272122736,3.6522291555656405,-16.628672674624514
2000-08-30,39.87902300900532,-15.420585293936709,3.8127614813709085,-17.24745895722051
2000-08-31,39.48145333493665,-16.21422768509107,2.4110463482511695,-17.628813842737653
2000-09-01,40.85551571276558,-16.324509662041105,3.9432465551964815,-18.42714767786754
2000-09-02,39.96953504579183,-15.495097839556905,3.738513894979392,-18.164712676770925
2000-09-03,40.55783348839573,-16.50900900517793,5.552071435951826,-17.90940067769872
2000-09-04,40.36790400756943,-17.11969763171908,6.122472475523065,-17.233257897060348
2000-09-05,40.40514517733079,-15.946251046404873,4.471685074208784,-17.94909527668647
2000-09-06,41.275443816528735,-16.10216999230362,2.8525229110741828,-19.675014642324587
2000-09-07,41.841637167379204,-16.582538944285336,2.4065970979392355,-20.75320197847518
2000-09-08,41.45037467648072,-14.9334597740657,1.6886805667244333,-19.47338884032107
2000-09-09,41.097876655658524,-13.961857565419365,2.2905703760654084,-19.7759428549725
2000-09-10,41.00195232256856,-14.668055742687185,2.383302350785394,-18.911713338546267
2000-09-11,41.78717461870245,-15.742730031969025,2.3078531948664023,-19.272381116348903
2000-09-12,40.498271061865296,-15.269388256192187,3.8591865622474826,-17.337996172050985
2000-09-13,40.81720072260174,-16.28204494653924,4.054560276156278,-16.205273213911312
2000-09-14,42.03545657328348,-16.18137856699395,3.0731142494564656,-16.190217058454177
2000-09-15,42.98023056623508,-16.914734471254242,3.50002566777177,-14.333905065454378
2000-09-16,42.115689489875905,-16.557006346269983,3.4695407108337815,-13.538003413294375
2000-09-17,42.44481988349293,-15.546408043133178,1.9778659664964318,-11.107979215741503
2000-09-18,42.008988659141714,-15.684853042200077,2.1602740364556987,-11.244571267453022
2000-09-19,41.99905607170963,-16.22345978492797,1.5604537598067219,-11.975693066660282
2000-09-20,42.65360058252579,-17.9753409802214,2.517291127951751,-11.791710656328618
2000-09-21,41.83682054593886,-19.488464539283797,1.1204998369257535,-12.335221912580707
2000-09-22,41.13513248793877,-20.218998680448863,2.400772387458808,-11.945985045954215
2000-09-23,41.01437772313208,-19.924664891996763,2.185338026416873,-13.776015083834247
2000-09-24,40.142185454680956,-21.242018655735723,2.8847843504112625,-15.82512801180686
2000-09-25,41.18567519394906,-20.664749134626646,5.1467409524546905,-15.362309835901812
2000-09-26,41.261270195943105,-18.876105411666845,3.4573585043031088,-15.345191700376867
2000-09-27,39.07957236421588,-20.061493045672762,2.73145867455578,-14.174597932962797
2000-09-28,37.27628933328925,-20.091550663481353,2.8889312537478915,-15.490595185453891
2000-09-29,38.149594906908796,-19.668220925303533,3.145085640615465,-15.275206817327815
2000-09-30,35.98724704877422,-18.996349557312676,3.0350650271741193,-16.4842853773124
2000-10-01,36.1333208635317,-17.343352181817814,2.151486703240085,-16.36516438258183
2000-10-02,37.211990760891915,-17.212442237863666,1.408125082143671,-18.62389084105952
2000-10-03,36.26894701632641,-17.82924484275576,-0.7078714244984066,-17.172644945593404
2000-10-04,36.33296575555375,-15.686044178057415,-1.0635965910506773,-17.38004856654151
2000-10-05,39.26262522337725,-14.285253020740676,-0.029768302763747867,-19.371755197306086
2000-10-06,37.96963999498863,-13.878120115243979,-0.8468147687670645,-19.598119054722964
2000-10-07,36.80691822426104,-14.80064143142664,0.8664476612977402,-19.487604081903836
2000-10-08,37.26955285099906,-13.424751683934673,0.5604710066395798,-19.352403245248812
2000-10-09,36.41642273382518,-13.903996183735957,0.998805137728865,-18.87627692609168
2000-10-10,37.28636173775371,-13.105550933568885,1.279024849451763,-20.049643810781745
2000-10-11,37.33057942925369,-14.083343248575709,0.9444298274622751,-20.490468797160588
2000-10-12,36.396358735209965,-13.96901941751274,-0.13480818490362023,-21.386676647328226
2000-10-13,38.864344785829175,-13.336544838341535,0.7634112100941437,-22.158971043440612
2000-10-14,39.17774944136361,-12.784547261948385,-1.3436685684168774,-22.668509607286254
2000-10-15,39.68063098504817,-11.92882954094367,-1.865400672751465,-22.29103644973326
2000-10-16,39.68480192250304,-12.839086012648952,-0.2734090606106625,-23.160616201383764
2000-10-17,39.44030504452274,-13.407841185037963,0.6202090491932963,-22.495152511885372
2000-10-18,40.125416992927626,-13.604000342118056,-0.09726711104050667,-21.937461906446945
2000-10-19,39.8155822475599,-12.073523569908232,0.21604789970210336,-21.07471466290487
2000-10-20,39.12684743420006,-13.617376559143644,1.0442939205688573,-21.440554091700108
2000-10-21,38.697594261734245,-12.112016776183982,0.19048907070751508,-21.210417356306184
2000-10-22,36.820765316447854,-11.780843410615033,0.2110089779843911,-20.97571525191626
2000-10-23,36.657140503955915,-12.795341656789061,-0.2929270980532085,-21.25915932433817
2000-10-24,37.84328445600778,-12.63740573351095,-0.1377544483464494,-21.949957497901327
2000-10-25,37.531289401307596,-12.089380790903213,1.2509844891963044,-20.630284768307437
2000-10-26,37.93907248486643,-12.9120680851822,0.19508582227306603,-20.711381145433982
2000-10-27,38.19657175682967,-14.53534011580915,1.2831544999463278,-21.81740242412915
2000-10-28,38.38198884988886,-12.939789013430227,0.21817093040559254,-21.639624511739388
2000-10-29,36.656360682307174,-12.623258823287275,-0.7773211610911029,-22.538828109933675
2000-10-30,36.51092064727758,-14.676182397388787,-0.8611471047252814,-24.58810529640391
2000-10-31,37.54197008466383,-13.875532344080984,-1.63655910870719,-25.422777424266588
2000-11-01,37.14732766415654,-13.282226202605301,-1.059573852491302,-26.783508813618703
2000-11-02,37.04498556923863,-13.452989374915859,-1.558961753054054,-27.380371972418775
2000-11-03,36.0259771105017,-12.808182627893752,-1.858805998114696,-27.75085210757982
2000-11-04,35.604436229729906,-14.533938525565253,-1.7592197450163862,-27.114717212775204
2000-11-05,35.0379650174775,-13.874744458017727,-3.253661168309679,-26.370794022934387
2000-11-06,33.248040800359696,-13.93546465591684,-4.149351672242126,-25.25689836623564
2000-11-07,33.40427126751343,-13.002179922844523,-4.356846025714119,-25.906943742253947
2000-11-08,33.36654880343796,-11.961060787999058,-6.225758560034951,-26.184235294342557
2000-11-09,34.8841076192882,-12.578822571674008,-4.137214368862564,-26.616439660350128
2000-11-10,32.97955583561521,-12.084205976693374,-4.653469579137824,-24.838184848546348
2000-11-11,32.765447012976644,-13.382537701369435,-4.388484745852195,-25.36608921222452
2000-11-12,31.146499964728388,-13.623273131777102,-3.6912600460855156,-24.83759024758158
2000-11-13,31.809430983140135,-13.691447123822988,-4.557272065370783,-25.06125281154556
2000-11-14,30.746250826863626,-12.743178384878098,-3.8840628990300248,-25.64040774893514
2000-11-15,30.715375588937633,-11.757078880186766,-5.039636775637188,-25.068340905574182
2000-11-16,32.15310363877051,-12.012780070103277,-5.755799940101113,-25.840679753519463
2000-11-17,33.646050484845034,-12.414024778366217,-6.121511704002308,-27.497362128733407
2000-11-18,34.217546911977685,-12.703970664672626,-5.2807770266383285,-25.30149922505404
2000-11-19,35.36805323762581,-11.924941756470988,-5.261885277361127,-25.963229401541128
2000-11-20,35.04789050608833,-12.684004938025359,-5.2255138313831155,-27.50894377081821
2000-11-21,35.833937360938364,-11.779664275406256,-4.934760626444976,-28.93838158963603
2000-11-22,35.49853835422243,-11.757498227483914,-2.906531718593442,-28.52402780127371
2000-11-23,36.442176237656376,-11.474916671111416,-2.5608273934946184,-28.750577105940323
2000-11-24,37.598290914883506,-11.89704689955043,-3.3230336720390046,-28.61946909351897
2000-11-25,36.80230164986772,-11.996136731283285,-2.953077550641266,-26.85885895622305
2000-11-26,36.47244141641141,-11.811551190847664,-2.8067106246246176,-26.073423449864652
2000-11-27,35.762283340183416,-11.041302821418611,-1.1437378630315742,-25.401385631957865
2000-11-28,34.20146117852063,-11.926798375177743,-2.3448506304033896,-24.91292104557779
2000-11-29,33.586028403577444,-11.876865025016176,-2.0215549946643785,-24.995794075492135
2000-11-30,35.659949843527606,-12.220887094787631,-3.46818998409146,-24.295860642368694
2000-12-01,35.78654331460967,-11.492540829947727,-5.787242686552104,-25.510551168363627
2000-12-02,36.105495248451604,-11.860641685063381,-4.162174320331983,-24.858375921971575
2000-12-03,37.20203738180607,-12.350544803936765,-3.862001035682576,-24.15239632584324
2000-12-04,38.499231267404156,-11.711034388650633,-2.217288396492201,-26.393026247480567
2000-12-05,38.22320903961361,-12.405798188234645,-2.0700474052858713,-25.828114827604214
2000-12-06,37.40763864143845,-10.548507042149998,-1.675754988219104,-25.52017662414102
2000-12-07,37.517966014779105,-10.76111982176221,0.4538603013467595,-25.021073072300396
2000-12-08,37.80787412497015,-10.984188473554589,0.19821473426586028,-25.624817178099324
2000-12-09,37.46120572010605,-10.808863109255139,-1.03589633773601,-27.50637753836368
2000-12-10,36.76127970276999,-11.854177529473649,-3.4990368877211675,-26.525333336449293
2000-12-11,35.455761331942064,-11.818844722211098,-2.8532531240315007,-27.30218790442226
2000-12-12,32.92767178873281,-13.518300538633518,-0.27941328054372994,-25.17299694711763
2000-12-13,33.96273120547244,-12.625641630519763,0.4778882429783261,-24.74393434330782
2000-12-14,34.770289304330674,-11.585826687232343,0.793685428607334,-22.473870238987114
2000-12-15,36.54114506152129,-11.301379250788994,0.10923129108344265,-22.471447450363886
2000-12-16,36.51063775605126,-11.062652375895295,-0.9754374657545241,-22.284287667800452
2000-12-17,35.64438319710424,-11.241386686356078,-1.219667049896313,-22.079257567378708
2000-12-18,36.04059663993814,-11.874474763923377,-2.043893622098326,-20.02990243879766
2000-12-19,36.29079166795833,-11.890833135524385,-2.986147334784509,-20.211446979704068
2000-12-20,35.330482109096735,-12.990436591489438,-3.5373441274649746,-21.50804545908147
2000-12-21,35.04062151659692,-12.505755218672004,-2.46432736354423,-21.545742939640352
2000-12-22,34.9435924726342,-12.142649437011281,-3.4148122053064665,-20.905677118549466
2000-12-23,34.81602575281362,-10.953999385042,-3.761811912969773,-20.760042910746154
2000-12-24,34.050431492131864,-11.054229694254792,-3.5431846950473456,-21.04958227066575
2000-12-25,33.60460023950528,-10.792928705883758,-4.938619756311001,-20.333892822539198
2000-12-26,33.892756268811304,-11.121246683073466,-5.640958280627873,-21.092998914764
2000-12-27,34.56430694669624,-12.111625771833511,-4.976813145444562,-22.8891470807412
2000-12-28,33.61384377881041,-13.057069603648781,-6.694081043867774,-23.284437004714196
2000-12-29,33.72049144325587,-14.675431009446296,-5.119222500371996,-23.254461680220256
2000-12-30,32.093086715672065,-16.188441006178817,-6.075683259416423,-23.278862711480922
2000-12-31,31.65775667001524,-18.55900405766555,-5.00935879550006,-24.66246192016021
2001-01-01,31.50430676536521,-19.392457782743225,-7.295434279045246,-23.62019056979185
2001-01-02,31.669941010375197,-18.300846471116305,-7.6922352185625416,-24.74679383539942
2001-01-03,32.07827691125323,-18.34910808357849,-7.443811412702837,-24.209306352370742
2001-01-04,30.158586063751134,-17.91132544522175,-8.210134365299064,-24.010211282980176
2001-01-05,30.418159040759463,-18.918007672846514,-8.535182431974787,-24.842417573070698
2001-01-06,29.53312478126141,-16.123724296937443,-8.27936718189629,-24.80530783756096
2001-01-07,28.434059388825446,-13.92110101569875,-9.121386384155642,-25.82200993841185
2001-01-08,27.37298146688806,-13.70081184297707,-10.166838798203308,-25.40933984184987
2001-01-09,25.758933671896326,-13.046894417877915,-9.55113355719197,-24.637757715023334
2001-01-10,25.49365322837225,-12.922531649251255,-9.613978407546847,-24.163170204370395
2001-01-11,25.76157142322477,-12.133010270205087,-9.100726083227977,-22.544744634572627
2001-01-12,27.246691222225344,-11.0028496653818,-8.372712753007763,-20.373814570111982
2001-01-13,26.803256760057938,-11.795547488015602,-8.143669575905621,-20.215860586650777
2001-01-14,26.11207967158847,-10.87739053798205,-9.103521246508965,-21.18754696459687
2001-01-15,27.472106939747242,-9.882095306350545,-9.653135855715115,-24.020696767074263
2001-01-16,27.62547925664779,-10.99082719668069,-10.287451434614997,-24.996810877540188
2001-01-17,28.28139008923462,-11.858436413177628,-11.391384186269395,-25.165095703539293
2001-01-18,29.106482453027567,-12.669729277553326,-10.902408061318487,-27.15270366911676
2001-01-19,28.059793162727825,-12.608859637613987,-9.774749535983112,-27.7572369156695
2001-01-20,28.70622512149797,-13.163490756351163,-9.905927680877584,-27.735854814988286
2001-01-21,30.179108582824952,-13.264160634723392,-10.250472039430068,-28.19770391958677
2001-01-22,30.06471003946987,-11.156444422109242,-10.000220668813462,-28.018147114202904
2001-01-23,30.668069369407455,-12.44348639835152,-11.20413768574943,-28.430792032384414
2001-01-24,29.14216808947722,-11.701637775334346,-10.156912124491296,-28.334574449467983
2001-01-25,29.126625825188437,-11.22274764708307,-9.622083359034635,-26.905322657565677
2001-01-26,30.506060418078114,-12.76812152072555,-10.379369844103511,-26.22744795733932
2001-01-27,31.867858036714885,-13.585630064929626,-10.558083697619441,-26.318524387270127
2001-01-28,29.967907605692535,-11.324549376734431,-9.521636136020549,-24.565380830818153
2001-01-29,30.426986985498495,-10.130688948469299,-9.442089851321745,-26.36798758322544
2001-01-30,31.95017249638801,-10.394650911649167,-8.702488681711541,-26.686422912157884
2001-01-31,33.205049636830914,-10.262997609622865,-7.730452836181981,-26.578488630267024
2001-02-01,33.401289357974136,-9.781164895958092,-6.206823557955212,-27.941372163336087
2001-02-02,35.37137990385975,-9.951253138049838,-5.889408336293641,-27.360048842852073
2001-02-03,37.10846212316379,-10.610313881149327,-6.085802495765829,-26.149387270665397
2001-02-04,36.500407656946216,-10.63973881717445,-6.192260680004912,-26.100284135505913
2001-02-05,36.039713947132434,-8.157613640171322,-6.935840149868237,-24.03159731876488
2001-02-06,36.471573625745975,-9.244197207070473,-8.699800631400603,-24.820746862899703
2001-02-07,35.558338017380414,-10.657988600359829,-7.712282072165992,-26.109575521797808
2001-02-08,35.3376080650746,-10.927128645655674,-8.826232067389268,-25.32915294864366
2001-02-09,34.480563989135355,-11.864413182121872,-9.04884640374504,-24.839845815244765
2001-02-10,34.688540291806696,-13.338682941956872,-9.6740460862414,-24.77386218192014
2001-02-11,34.787754125304645,-14.807340718060626,-10.281434735162806,-23.85780495599306
2001-02-12,35.96236135027838,-13.923056109844303,-9.505664582917099,-25.179094444635634
2001-02-13,34.98747621444166,-13.308137075003357,-9.574836825759144,-25.247788766000284
2001-02-14,35.02656858601903,-12.890817268397429,-10.469242791835336,-26.30277150137029
2001-02-15,34.38287490123615,-12.410353662778904,-11.723309853897106,-24.647374123291726
2001-02-16,33.19481687102094,-12.590324904808003,-11.773236120629292,-23.71146488945803
2001-02-17,32.61372368165071,-13.300296112802588,-11.791325086915053,-22.785674899148574
2001-02-18,31.75707042324811,-13.366302339602248,-13.49311504428227,-22.465139595914813
2001-02-19,31.347285074255634,-12.97960808322411,-13.381535057019688,-20.907045696721127
2001-02-20,30.430906346641304,-12.33276920744636,-15.107001436397432,-20.78428160626596
2001-02-21,31.653712786404338,-12.282539854361541,-15.293671151461972,-22.31126618252482
2001-02-22,32.75778043466585,-12.275539819243289,-16.743417343136326,-23.288717636231993
2001-02-23,30.917109447728425,-10.674917230294723,-16.22629376389282,-23.025921654613
2001-02-24,29.962278556244232,-11.789881212396951,-16.796173051538165,-24.32935441910633
2001-02-25,30.973551408209264,-10.616887633288512,-16.62570220255151,-24.91778610528256
2001-02-26,31.278320006108192,-9.294827964604659,-17.579726760609883,-24.973679537573684
2001-02-27,29.559070802223953,-9.255670956579618,-17.995804901391125,-24.43757483984596
2001-02-28,28.39416025151127,-6.273883520867478,-19.43854361070703,-24.75633615624002
2001-03-01,27.422897051771983,-6.4882725175688085,-19.771827396934697,-23.370450948578565
2001-03-02,28.23862403369903,-6.04503287252268,-19.2427412663409,-24.065613184190845
2001-03-03,26.896894887060018,-6.7381438192789025,-18.670477857675827,-24.849471082033883
2001-03-04,26.658802780135304,-7.758889550333118,-20.48442416376703,-24.40194705517373
2001-03-05,26.142281845732576,-9.44258770410059,-22.057532164186618,-26.28379904955313
2001-03-06,22.79401969857816,-8.387292645499821,-22.463163479722205,-26.56663079285007
2001-03-07,23.11749041157513,-7.060968768112855,-19.147087434459316,-26.805641396802315
2001-03-08,21.528866085545673,-6.05652165910518,-18.692494561361713,-26.564932258319537
2001-03-09,21.71494067525961,-6.768150751209626,-17.434020777127405,-27.080529251836687
2001-03-10,22.243256528022133,-7.23264930569326,-16.577052864997377,-27.02035429115727
2001-03-11,20.595527720611624,-7.7136068545404095,-16.190003310917003,-25.71877651744571
2001-03-12,22.54564336000599,-8.888229045706634,-17.373395298313007,-26.02625458296493
2001-03-13,23.213934531818804,-9.044840677668985,-18.729065061667352,-26.529154109231317
2001-03-14,23.47511941174809,-7.7102507156291775,-18.542100710818225,-27.822278252822464
2001-03-15,22.94346661242658,-8.630809464894277,-18.599910968788823,-27.693402532335273
2001-03-16,21.618781102424133,-8.618558119471487,-18.652545808073388,-28.301804932775475
2001-03-17,21.51546122401054,-7.574495153282326,-19.127861438811227,-28.422442062177886
2001-03-18,21.856585363544774,-9.239867350738413,-19.466858695949842,-29.334382431681917
2001-03-19,20.55000821835201,-8.857203801548993,-20.87908452979207,-29.257757650042986
2001-03-20,19.85706539222518,-8.00731033972669,-20.508638844056897,-28.43380822725477
2001-03-21,21.195459510646554,-8.53571836046649,-21.704880629695538,-27.663415700659343
2001-03-22,20.72820651741932,-7.71073060155635,-20.720879563238864,-26.509248575165227
2001-03-23,21.464289328085687,-7.834422166372223,-18.7663801588,-25.121588481618286
2001-03-24,21.16263527038387,-7.998906784090866,-17.60459313756858,-23.582161501080396
2001-03-25,21.51508517316731,-9.550051700441943,-17.6377041951896,-24.580599399291525
2001-03-26,22.601323105657226,-9.272647240358078,-17.64061239367087,-23.27318095157768
2001-03-27,22.19675389500605,-8.468546517397005,-17.13925164265989,-22.926669935139497
2001-03-28,22.592771945060655,-9.018479846646011,-18.15925848480598,-21.61819068349507
2001-03-29,22.55927929048265,-7.334465369937774,-18.439742118942544,-23.308751690809487
2001-03-30,22.409963587737185,-8.357473973646107,-18.52021653738674,-23.858265687853105
2001-03-31,22.723994490112883,-9.178409823728114,-18.157163936526896,-26.419916688552046
2001-04-01,21.64186005606817,-8.577022089925952,-17.40348749446634,-26.184436195577295
2001-04-02,21.801571078799352,-8.847537116946473,-15.508564712357305,-26.364269044930882
2001-04-03,20.469002149083845,-8.511106325909642,-15.091445253276328,-24.636208219291948
2001-04-04,22.100838422656135,-8.109054676017575,-15.718138581284014,-25.294253257493992
2001-04-05,20.793138502301506,-8.546930465402305,-15.60090421466926,-25.71324413999391
2001-04-06,19.18721786985275,-6.949890852845668,-15.029222928289652,-25.15677304090247
2001-04-07,18.176604274453705,-5.631393543679126,-13.895076195082844,-23.76306042756517
2001-04-08,17.047309772186058,-6.307127519138858,-14.576138688838293,-23.154378612558162
2001-04-09,17.442160790818,-6.099588233613713,-14.209491906273074,-23.290824487960226
2001-04-10,15.330881209582031,-7.703228566440659,-12.789122647668014,-24.65399515115829
2001-04-11,14.191525852643904,-6.674711794574822,-10.662459764811947,-24.56815558777295
2001-04-12,12.686316081209329,-5.8005751744201435,-9.870496133787613,-23.821995126291128
2001-04-13,12.60442231856956,-5.944018533882202,-10.745299333265109,-24.11732625722421
2001-04-14,11.508905676109197,-5.765160547205505,-10.772008984428007,-24.832794826400097
2001-04-15,12.146104086840012,-4.560820873902641,-9.35725369139018,-23.641614237577926
2001-04-16,11.668730898960938,-3.929802984250751,-7.207789289062433,-24.50995031530464
2001-04-17,9.864755466202716,-2.8724997241512247,-6.618510155873932,-24.53304514954804
2001-04-18,8.596682070010257,-3.6922369266201875,-6.813079360349198,-25.079215859516303
2001-04-19,9.310491387916334,-2.338082164078867,-6.358990590384599,-24.94272061271031
2001-04-20,8.924038308995545,-3.399420255169089,-5.670916260623745,-25.296430386778255
2001-04-21,9.255384698843281,-4.39226554091779,-4.963935819549478,-26.46093743266458
2001-04-22,9.895437246420276,-6.0437541185423225,-4.044041917064368,-26.868464577293658
2001-04-23,8.825450505997011,-3.8851433311159007,-5.81350138746121,-26.33723853705043
2001-04-24,7.883520890313973,-4.177965139812574,-6.424698379893516,-26.16826155876253
2001-04-25,8.853898495948481,-4.011786472847096,-5.534333038315539,-24.270610071310916
2001-04-26,10.88846122595171,-4.181665057227102,-7.028942057967784,-23.921448513739872
2001-04-27,11.52946000411867,-1.543976464990819,-7.022175730782729,-24.145795331296704
2001-04-28,9.735699736306792,-1.2995462089466605,-7.472939661736704,-23.606476780029382
2001-04-29,10.043010223548029,-1.7569004130565191,-7.342172415225928,-24.15616702141145
2001-04-30,7.677678133135137,-2.7237847348178,-7.86870186998594,-25.395083244131513
2001-05-01,7.684309475088008,-2.971302787386244,-8.200820206294766,-26.724245909541718
2001-05-02,7.8426263934273575,-4.379513505189601,-7.558257785004064,-26.71619446764238
2001-05-03,7.679405378038238,-5.024194380883253,-8.629577467364232,-25.46096929076812
2001-05-04,8.581705332276588,-5.541940222869394,-8.85554180810966,-24.728183658674997
2001-05-05,6.065963327259273,-4.449731801077274,-9.334583993449467,-25.132431478329966
2001-05-06,7.224254621928996,-4.411511614523358,-10.126218914335688,-23.89235524136155
2001-05-07,7.017300462460284,-4.942419010115769,-9.728863803048554,-23.659610015191767
2001-05-08,8.614775332698734,-4.817520121915577,-11.754475274372783,-25.203719729624616
2001-05-09,9.347522685155653,-3.779603506429109,-12.542643752965478,-25.036962011706702
2001-05-10,9.274041097044686,-3.196050097466804,-12.066259298997483,-24.848374536898856
2001-05-11,8.16253668177697,-2.4106040997624443,-10.849052029408725,-23.484238901577374
2001-05-12,7.592587190892748,-2.514169017667369,-10.888388663758539,-22.74176344021557
2001-05-13,8.094837533862517,-2.2872747685109713,-11.31487875773078,-23.165973343035443
2001-05-14,8.249926580840059,-1.690874938134613,-11.813890542104488,-23.823508378591924
2001-05-15,5.780539198875177,-1.036310190752554,-12.911777862970201,-24.51817628798574
2001-05-16,6.069027879782727,-1.8791133822057664,-13.486996447188409,-24.130961323608282
2001-05-17,7.201331410170493,-2.740025593902255,-12.026885824274245,-22.913144399288004
2001-05-18,7.425189141679618,-3.5591563056744695,-11.63322588518344,-22.70265187711706
2001-05-19,8.470569245301103,-3.3122072690243334,-10.59035841714708,-22.183293665487415
2001-05-20,8.513649622902609,-2.9590142145925418,-10.700360369554472,-21.836568053469897
2001-05-21,8.385474151049964,-3.3804587491079388,-10.772552691742513,-21.087508144392427
2001-05-22,8.30531199715124,-3.6458633993010614,-10.408166923763712,-20.582556348285266
2001-05-23,8.498677203281426,-4.022287410242411,-11.826959573818218,-21.777180617578537
2001-05-24,8.375716718443277,-3.800290129776178,-13.326996247927728,-20.76040243282923
2001-05-25,7.882835628178594,-4.739263370421563,-13.637470853960497,-22.80765712530059
2001-05-26,6.937883164859665,-6.439895219126521,-14.028742522940659,-22.5394548000125
2001-05-27,8.091028150498651,-6.035179098581361,-14.27409925736271,-23.004090824321057
2001-05-28,7.310303618030092,-4.503782871612314,-15.432990557026505,-23.540670178527204
2001-05-29,9.838003684075625,-3.4311052166015195,-13.875451874984899,-24.129779017826184
2001-05-30,9.34798315765721,-2.246745983077348,-13.864941064927603,-23.079400431208594
2001-05-31,8.798484434008065,-3.882071324463886,-15.050108702482444,-21.407980230772466
2001-06-01,9.983482408721606,-3.2918068921424615,-14.474545787729344,-22.071433185994415
2001-06-02,11.032213278482786,-2.073085835829019,-14.12571102138781,-21.82351685654214
2001-06-03,9.54978525541994,-1.0843534899867275,-14.948623042164568,-19.97092087893757
2001-06-04,9.601158625080929,-1.3070231012938685,-14.652416417465886,-18.45058640330276
2001-06-05,8.774167738973993,-0.014673341541113771,-15.01340604541231,-19.651983253523273
2001-06-06,10.38103538602596,0.1904981384556786,-15.850946113895251,-19.372648527928238
2001-06-07,9.903851331371397,0.3297908794282055,-17.68620044097367,-19.645917224709372
2001-06-08,9.779988343006234,1.5559803955852178,-16.5990209709674,-20.22889231488393
2001-06-09,9.605816170563852,1.7296980253948726,-17.980235875696433,-21.551806341817407
2001-06-10,9.1400355240916,0.9848543487188341,-16.55597091923486,-20.31975037733165
2001-06-11,7.865636355654529,1.9423910033504495,-15.735774328339438,-19.49108573577811
2001-06-12,7.318212591724623,-1.1293922654398156,-17.070506981128606,-20.3087450229384
2001-06-13,6.7415836137314304,-2.4009725563228193,-18.386083334617553,-20.728637786648065
2001-06-14,5.9943872599405115,-2.7029172972767044,-16.44551310254903,-20.24879272963436
2001-06-15,6.462637414173459,-1.9231054561863972,-16.635993790642342,-21.163534958570686
2001-06-16,7.857037325896038,-1.3191052316644776,-18.875822958221207,-19.677755027068216
2001-06-17,8.624978949710602,-1.9020676656389128,-19.28143693561407,-19.32174537010336
2001-06-18,8.43583620091177,-1.3733021442468454,-17.859839855616208,-19.17362147954211
2001-06-19,8.914131999963159,-0.8907636593072621,-15.434211812179814,-18.977282718633962
2001-06-20,7.738340602473772,0.09672921524084643,-15.825297550484628,-17.725353789242355
2001-06-21,6.7370074192142955,-0.10052571994267923,-16.852317107442804,-16.10180004672547
2001-06-22,5.948595160053105,1.5894319204513223,-17.348078745049733,-18.3316503326348
2001-06-23,6.671041479001713,1.7655793735460654,-18.570575238515428,-18.129365372452053
2001-06-24,5.1700030419004825,0.5126935599335247,-18.73879393125552,-17.24365392274896
2001-06-25,5.18885780211889,0.8507974174031739,-17.980483859746403,-17.23725766517894
2001-06-26,4.954417639378997,1.357013784473006,-17.715581081683123,-15.630401270038298
2001-06-27,4.8338926884806295,2.9023997481686576,-16.044891358967767,-16.864174044563025
2001-06-28,4.190007771611643,4.34830920672767,-17.298611590559336,-16.529196938008617
2001-06-29,4.9920420657235,2.8998828969754102,-17.46384908826851,-17.260866476216545
2001-06-30,4.342897169768774,3.3331650426063333,-18.200128908829015,-18.44062720955424
2001-07-01,5.591322707468439,2.4020627512843076,-20.05839741562886,-18.97504581424904
2001-07-02,4.46093457252613,2.2938850386668874,-20.036918368529857,-19.360277802814313
2001-07-03,3.547373302895839,2.008440672871906,-19.85656719129194,-17.033329195442555
2001-07-04,3.9045555099647546,3.4834801616236257,-18.11702936983162,-17.144099358079206
2001-07-05,1.8437755159566698,3.9766414193621564,-19.89265253702126,-17.362171935015198
2001-07-06,1.804979515811204,4.3617510651860325,-17.940461102976304,-17.72865997676118
2001-07-07,2.404221821244123,5.20766199892643,-18.73208371070155,-16.754044768001688
2001-07-08,2.236803019812391,4.391375658758791,-18.70428446252439,-17.86683386258564
2001-07-09,1.0294111316135053,3.186427884614168,-20.974045492495158,-18.14359271047381
2001-07-10,1.686974800890429,3.939181390722359,-21.456793878316105,-17.416746620226984
2001-07-11,0.304727608103766,3.8264989661415854,-22.041359374143603,-18.289935285075945
2001-07-12,-0.5432317726384706,4.130013668030698,-22.3547037883065,-17.128985704025062
2001-07-13,-1.6108132137301083,5.245105243581844,-22.138465080991107,-16.7969887524327
2001-07-14,-2.4906814893760987,4.13680571458833,-22.359846781655172,-17.361406296244677
2001-07-15,-2.0626087852490826,6.358135722880685,-20.50581935770141,-16.151334171213335
2001-07-16,-0.31673161897583024,5.281257056687076,-20.377512948722654,-15.328400915105881
2001-07-17,-2.262610539801832,4.783577180318446,-19.769859011312988,-16.038571473926556
2001-07-18,-1.534997305363813,4.595872978341468,-19.879793796110384,-16.812886743301668
2001-07-19,-2.116909026764836,3.0522259411516663,-19.980562290713216,-17.793808834813824
2001-07-20,-3.441114117461196,1.7721003032962293,-19.773822219728583,-16.371636210927065
2001-07-21,-3.912869777249582,2.1630825818579305,-18.687352742657314,-16.9533868969493
2001-07-22,-5.2308431269404725,3.14177529044156,-18.28382938155226,-16.539991909473937
2001-07-23,-5.404282285088335,2.468581059049952,-19.55500516837049,-16.230876500332784
2001-07-24,-4.406902434178619,2.9092659000957193,-19.99937846970553,-14.157486754676855
2001-07-25,-4.50600813471845,3.1783713439008165,-18.82862539615294,-15.597313501267243
2001-07-26,-4.67300259597166,4.292409827014687,-18.57491826008226,-15.205534817242292
2001-07-27,-4.778604770696839,4.334475106002583,-17.818689999693376,-14.37870656776771
2001-07-28,-5.413440639549837,3.7428086593652425,-15.844199225433497,-12.463658282275027
2001-07-29,-7.252396731140102,3.334141984882734,-14.925697571795098,-12.21366959418929
2001-07-30,-7.041292709299012,2.9299299473897924,-13.562747289098054,-12.916707388582516
2001-07-31,-6.487441380432081,4.337636701774458,-14.634701720370794,-13.483531853761724
2001-08-01,-5.719192954700813,5.761020926008268,-13.81099708695188,-13.941261203956584
2001-08-02,-5.215204019360334,5.9420155000737465,-14.375641970181952,-15.611067088581777
2001-08-03,-5.727292057640824,6.862488592099778,-15.069115373808321,-15.06286511710356
2001-08-04,-5.14636108834519,7.145872247295834,-15.788264346307486,-13.000622599515072
2001-08-05,-5.260659285179425,7.597851101455858,-16.347068426322938,-13.290978867423174
2001-08-06,-4.710307688312222,8.813702613135057,-15.469299399717022,-15.491738941722339
2001-08-07,-5.036780332740547,9.071689360048865,-17.66766296262511,-15.045484693766669
2001-08-08,-4.426141675540737,7.461750240597753,-15.022537301467633,-15.66159276454844
2001-08-09,-4.651477825465721,7.312497771771534,-15.10515902867132,-15.93898004240444
2001-08-10,-3.7611224140315906,5.2925303954954295,-15.547418049710792,-15.959403367759588
2001-08-11,-4.903038574682985,4.8699418878662435,-15.058979970031107,-15.11783311218403
2001-08-12,-4.282962906934783,4.138007761793809,-13.1648148706428,-14.802658031628983
2001-08-13,-4.368796624225769,4.837686055757083,-14.116266016270236,-15.083685936430273
2001-08-14,-5.553974974907062,4.695934388115204,-13.359057389670532,-14.66230918784257
2001-08-15,-4.453468969264094,5.36746510568189,-12.774464705043325,-14.640494996227734
2001-08-16,-3.0761458836513054,4.33717810236516,-10.944285634018758,-12.901037271824448
2001-08-17,-2.4279301501597534,4.677939209960886,-11.001697851189112,-12.403216923745791
2001-08-18,-2.9149613537104013,5.303286602026593,-11.806150792399936,-12.523365104882549
2001-08-19,-2.4564114515270483,5.751512070059134,-13.613722288278204,-13.295036503706434
2001-08-20,-3.5926242720862076,5.514632280962407,-15.225823308069979,-11.82921877167103
2001-08-21,-5.4293455775412705,5.703782358235285,-15.306216525753134,-11.993011035742503
2001-08-22,-5.392816126415657,5.07923486148863,-16.314668950343112,-13.01446977216279
2001-08-23,-4.575902948309223,4.817165448656608,-16.32732903294235,-12.827213278753401
2001-08-24,-4.550589500813897,7.216625414579147,-16.12318449670617,-13.00370573699645
2001-08-25,-2.8740761149422207,7.956336831978214,-16.609027011084574,-13.887597636651686
2001-08-26,-3.583145588784329,8.68503035788165,-15.770664965450946,-14.288754903258047
2001-08-27,-2.176657506133481,9.244311988081684,-15.51353993565734,-14.677761422978966
2001-08-28,-1.3371600126666372,9.861783379461885,-15.062612796442385,-14.691261269360153
2001-08-29,-1.8371086522930298,11.593889946430041,-15.160190031549357,-13.267273065084177
2001-08-30,-2.873531784277542,11.401178538774358,-16.05359243025131,-13.959391053375294
2001-08-31,-1.6287566418382196,11.62466788647574,-17.493487868652746,-13.584060063936612
2001-09-01,-1.235120022963698,11.345905841973089,-17.69942197109564,-13.664901490169234
2001-09-02,-2.166567895032514,12.24537354013408,-18.553504044324207,-12.872601535416557
2001-09-03,-1.651234180631497,10.07827019954532,-18.589873080564367,-11.812666731268058
2001-09-04,-3.2428167856991275,10.384974392049065,-19.257681105941124,-12.475193125163933
2001-09-05,-3.902084908599553,10.216924141461732,-19.857940650781696,-10.78366886517448
2001-09-06,-2.646543656405668,11.033975393609431,-18.881502124473666,-10.566449738193466
2001-09-07,-1.8952970693993356,11.302960047754965,-18.425809607077984,-9.14715626064949
2001-09-08,-1.7201009077672333,11.542253262629451,-16.92138297932123,-8.113074550239638
2001-09-09,-1.3216410668102112,12.084437088586622,-17.47413755088223,-7.687340116583774
2001-09-10,-2.305209246153649,13.92219658734543,-15.807832882903826,-7.511533798422873
2001-09-11,-0.8734835964610062,11.714719968111321,-14.752854369213733,-6.093578386210856
2001-09-12,-0.5442461801499305,12.512305691874392,-14.164991034173987,-5.727429151459949
2001-09-13,0.5649529621175988,12.695998231749408,-15.02995018041858,-6.421796783192045
2001-09-14,0.40827626523688976,12.347936006300522,-13.012516013776175,-9.620406591363867
2001-09-15,-1.1541371447322035,12.695309725868867,-12.793860078262744,-9.162771527635208
2001-09-16,0.09523560831304811,13.308458058303941,-11.601330569445219,-8.722303329902031
2001-09-17,-0.8365052583273094,13.849828245298703,-10.628491167054817,-9.714591207793676
2001-09-18,-0.5693116390537627,12.250627949264485,-10.938017914310025,-9.001411393465249
2001-09-19,-0.9431619955678245,10.705168260990401,-10.246660702683643,-8.381798052106468
2001-09-20,0.2451785726582738,10.57815087715601,-11.875361611876173,-8.32762397064485
2001-09-21,0.06822614500917609,9.527659536830196,-11.27156957372805,-9.444252487468678
2001-09-22,1.0870399342038586,9.52039319172207,-11.73341345166816,-8.6919381437481
2001-09-23,0.7457285950020546,10.599188344545041,-12.58441469558689,-8.17888981503022
2001-09-24,1.0350033269285122,12.099281305558604,-11.50580956323391,-8.070696282182917
2001-09-25,1.289641941966575,12.99193527510687,-11.146213442690753,-5.540930109115633
2001-09-26,2.6725509794694746,13.436020209776801,-13.92275594764616,-5.088158581065961
2001-09-27,3.0810071151959093,14.458376344597148,-13.305600465395411,-4.1074002510203975
2001-09-28,3.9203402395716713,14.989463795742378,-15.58012975498881,-4.692335277795899
2001-09-29,1.7247804845771797,14.505873839205838,-15.227633386768625,-5.728895032593755
2001-09-30,1.2101801092953977,14.528949747711733,-13.95260926704005,-5.3840469981600565
2001-10-01,2.192230934031103,14.225064701180395,-13.92872492950682,-6.178676834082128
2001-10-02,4.2626270493362,16.45660930729816,-14.621924720383458,-5.041333493573131
2001-10-03,4.610616232625092,18.453918047254437,-14.540342486304596,-4.8416589170001245
2001-10-04,3.987455237819032,18.73593919864432,-13.620590682717236,-2.9436429525884202
2001-10-05,4.621005591373632,18.280834360499938,-12.862052918505412,-1.726795044477804
2001-10-06,3.6758902588498885,16.03113175622332,-12.045826370224775,-1.3888423555201035
2001-10-07,2.4108986260153227,16.137061597040706,-13.33372882260897,-0.9925859962205242
2001-10-08,3.8778603201399156,14.894305233632833,-12.345444769350358,-0.8697526283071457
2001-10-09,2.3072581766472613,15.066398141154131,-10.964964076008211,-1.4892652197019265
2001-10-10,2.2330136874766136,15.117639905002692,-10.365512691987238,-1.184831446621819
2001-10-11,3.90657962430561,15.700308936573743,-11.216434104070608,-0.9349873446560739
2001-10-12,2.669429074889175,15.711055143164163,-11.975923251691835,-2.2433827018316737
2001-10-13,1.6553344336451643,15.866834024907424,-12.608832519369997,-2.2999049140874748
2001-10-14,2.069278653955157,16.583774448691422,-12.409158462766763,-1.4572934665207624
2001-10-15,1.8862815778798778,16.662810946730787,-13.280595373103655,-2.430587728525747
2001-10-16,0.8284991981136587,16.911188777779365,-14.778092702942228,-3.0962843244661915
2001-10-17,0.6519740439346606,17.518718886736078,-13.404814318810258,-3.8558440085183565
2001-10-18,2.3970306972466826,17.1866035278518,-13.949384056288189,-3.699157981100527
2001-10-19,3.7396993730671966,18.985842693083967,-14.577079220750703,-4.834171359404211
2001-10-20,4.369252460748452,19.334222373685076,-14.814309079710181,-3.303597142327507
2001-10-21,4.860032583505827,19.363776691467674,-13.97219349706382,-2.9572841834274266
2001-10-22,5.569622411568558,19.60196926626595,-12.58658756463619,-2.0035021538108015
2001-10-23,6.550585840376859,21.19090147702458,-12.038035771207344,-2.2284987008538613
2001-10-24,4.128568428527361,20.905437458080012,-10.914241972837438,-3.0841009089251608
2001-10-25,4.7738659621716675,20.504437507243747,-11.352750642323649,-3.613103172302023
2001-10-26,5.216941683320558,23.98203404035425,-11.75496496174354,-3.9926517770808037
2001-10-27,7.5840336802243025,24.590827735024394,-12.733472388163328,-1.6512980541559714
2001-10-28,7.478257448368948,25.12259536213994,-13.238583301644585,-2.0182889946663845
2001-10-29,5.927696737438679,23.946424584889968,-11.983300409750981,-1.5729485410666952
2001-10-30,5.551815039372337,23.011539637281658,-13.678496234625507,-1.4296675357220576
2001-10-31,5.932132399370976,24.391831097194817,-14.636581902706324,-1.9719292360643692
2001-11-01,5.661759887473656,25.428920037356185,-16.565568320705793,-4.864336192949809
2001-11-02,6.044653319971721,25.545542186130078,-16.022838336879747,-4.3157294459656415
2001-11-03,6.479711589506515,25.31049171805292,-15.374128491289628,-5.023557239826882
2001-11-04,4.689027370966499,24.97533061290957,-14.603632933940156,-5.897348973657139
2001-11-05,5.51376473680618,26.225985487870773,-13.664494462524532,-7.064582675792096
2001-11-06,5.390153137100074,26.569867845758417,-14.023246237006544,-7.671048036939632
2001-11-07,5.958697527230635,26.693716497221022,-12.626664629083779,-7.936444777532035
2001-11-08,5.722926967972112,27.34902203974242,-12.21065822637949,-6.073919945161716
2001-11-09,7.575065234494651,27.156898216941386,-12.471093906907132,-3.3614241298316903
2001-11-10,6.879039455918265,26.11362761035969,-12.007690013864103,-3.9992731797719765
2001-11-11,7.513892246504348,25.348918716459874,-12.06635701356123,-3.9355573790243428
2001-11-12,5.807408591493132,22.97497991659806,-12.37576262581813,-2.554999951317242
2001-11-13,6.187073569092299,24.370869321220248,-12.382783716645932,-2.6142885318898332
2001-11-14,4.287199652009329,25.099569890335527,-12.127981267468044,-2.0906411225485346
2001-11-15,3.8243643061714243,24.465229863262216,-12.885236710497544,-1.0540147149968482
2001-11-16,3.3939413890233254,25.300420062150717,-14.124799099811495,-2.5095937455476913
2001-11-17,3.6823506136443442,25.96254012258353,-13.744963474273744,-0.859206344299215
2001-11-18,4.270693129251592,25.44565875253117,-14.375199892074912,-2.0879505413222974
2001-11-19,3.604900265224124,24.917885047373492,-14.276549055938698,-3.2787124763646087
2001-11-20,5.582347641302812,25.22429403413064,-13.976752356288705,-3.961269128614714
2001-11-21,5.371389124175294,25.139216285296307,-15.77199237309677,-3.393068047347668
2001-11-22,3.779556745735558,25.531126115124003,-15.681293772001318,-1.8867339530150147
2001-11-23,3.176672697997386,25.917172320530454,-15.752511109245198,0.32029565326845355
2001-11-24,3.3756350203340606,25.677481641126022,-16.09606541466116,-1.3686675279782023
2001-11-25,3.342843779909784,25.703722771445857,-14.931116936117586,-1.0275981606579543
2001-11-26,3.5786668843282894,25.87007061682438,-14.330856938460835,-0.7414787848227096
2001-11-27,2.5648970135731064,25.11404918867707,-14.248752838292546,-1.0040501198033998
2001-11-28,2.1642445886825157,25.65064709706257,-15.307788695167096,-0.5788711264106496
2001-11-29,1.8182388863758068,27.43104408651132,-14.8120640838099,0.0005207886008125051
2001-11-30,2.7929582590711597,27.267643110922503,-14.65966423418017,-0.8359355865296116
2001-12-01,3.065949579574793,28.38861292635049,-13.057381394331399,-1.24367860338161
2001-12-02,2.2926229760709624,27.394349612799214,-12.874474933731117,-1.1690634455966646
2001-12-03,3.4793994887101345,26.906614413588436,-13.464134697308669,-2.777683639653616
2001-12-04,3.947758259788527,25.919080610174877,-12.910411179542692,-3.1702023047346026
2001-12-05,3.942088101981027,25.861631889866302,-13.428395462560495,-3.799878284470975
2001-12-06,2.8634187643090803,26.605519276316045,-12.250275866895036,-5.761413234572921
2001-12-07,3.961444348632297,27.40038343838097,-11.763974660231899,-6.0682119619980055
2001-12-08,5.704685964409878,26.283950544889414,-10.957263891678759,-6.89287772253643
2001-12-09,5.258658611753453,28.096859599738902,-10.637744714053014,-6.781704725129506
2001-12-10,5.939226362760313,28.463757437052973,-10.140997730351247,-7.1203172346481
2001-12-11,7.09069788977242,27.64327686934632,-11.711749415462348,-8.24830222147465
2001-12-12,7.8866020907624454,27.744944994573036,-12.115315001159361,-7.0642176838846895
2001-12-13,7.081568442239825,29.184210056241508,-12.758516455227765,-8.935253615226895
2001-12-14,6.528116891296404,28.108150527108386,-13.929060761781216,-8.384305000450906
2001-12-15,6.475770961798113,26.634996179325768,-15.248702268935421,-8.681739061242972
2001-12-16,6.8939504312035496,27.041242559601006,-15.172053678921372,-8.52319560171794
2001-12-17,6.599952186868732,25.74961422790807,-15.896787686639435,-7.894579130730378
2001-12-18,6.4967011209081,26.049989105434282,-15.6956428391679,-8.440714063712226
2001-12-19,7.786403510162726,27.114671884348773,-15.493712847483298,-8.269013965529362
2001-12-20,8.517038766047241,26.5616936578784,-16.67292629883054,-8.908040114950758
2001-12-21,9.484597120271019,26.57141031875787,-15.055918764902184,-8.591386143205273
2001-12-22,8.51487878951858,26.511726853449556,-15.484846946979575,-8.572421574698472
2001-12-23,8.222787008336574,26.293110280044402,-14.960289011759,-8.040143981990147
2001-12-24,9.514185730095106,26.171053809978947,-16.669254426563803,-9.467450987682994
2001-12-25,8.584566428943498,25.35185402475677,-16.513559687759763,-10.583892138227519
2001-12-26,8.12863482621416,25.681287194180246,-16.417968188032134,-11.709501922378564
2001-12-27,10.025485080199317,24.37536767648254,-16.719385796135644,-10.847495649418223
2001-12-28,10.231499689792471,22.374255235836817,-15.628056620350772,-10.638003496723622
2001-12-29,11.161051230828555,20.893047069922403,-15.066372702979097,-10.993858426420212
2001-12-30,9.395916643719783,21.625659202060863,-15.620972109086173,-11.691889793497031
2001-12-31,9.111019164337721,21.897364862595857,-15.13993714616051,-12.927933034164424
2002-01-01,10.875736285144729,23.95189890401725,-14.888850231844955,-13.936194257753513
2002-01-02,10.783954905606587,23.284919595630804,-13.123617206102129,-13.369951048577233
2002-01-03,12.890360912342858,21.97671027131971,-11.663847103868138,-13.540316970535898
2002-01-04,13.687339627547452,23.57341733405595,-10.775036405106203,-13.81747300198971
2002-01-05,14.35123947587673,23.870774466418865,-8.726627156419346,-14.210587913022541
2002-01-06,15.16456852486639,23.96406406013904,-9.070408162392207,-14.82625063131707
2002-01-07,17.334956066604057,23.921740667744185,-9.446329141708041,-13.5423432411678
2002-01-08,15.55459061732647,24.155407365562496,-9.310371362397687,-14.463098599027969
2002-01-09,15.764158508083652,23.010362206716703,-10.930991838778933,-14.424899043787105
2002-01-10,15.186132897087985,24.630926638249772,-10.690928238276186,-14.85292550072345
2002-01-11,16.18569323207922,25.02670525374457,-10.346232809232859,-12.915025659099602
2002-01-12,13.774823220471038,25.52136850082362,-10.432686425915595,-13.63227954617987
2002-01-13,12.398309574094265,26.32114569385867,-8.17264026000268,-12.655091586285929
2002-01-14,11.770139415772858,27.204946840994957,-7.0707032604183,-14.079032646145425
2002-01-15,11.685853033153768,27.087441859238222,-6.877458217109808,-11.77380579772874
2002-01-16,10.042243867065945,26.477510059081066,-8.062589866815854,-13.227619526285123
2002-01-17,10.763040297625224,27.704889406809944,-9.093692162906356,-12.805897408504382
2002-01-18,11.394438670283318,27.20750636319028,-9.708297775540313,-12.337149541972536
2002-01-19,9.63831857963953,27.61522782505661,-8.644314455635595,-12.934691480209114
2002-01-20,8.77725024835344,27.82604284899761,-9.995395020399215,-12.625404148206748
2002-01-21,8.601477945351084,30.047862079299268,-11.820983319146487,-10.34253481879078
2002-01-22,8.512422080137277,28.365475065455367,-12.234121485166968,-10.828096023973453
2002-01-23,8.483627074217685,28.941199331003084,-13.52466595417987,-10.772833038423437
2002-01-24,9.343067012139416,28.469061688856534,-13.08064528417646,-9.101448327383554
2002-01-25,10.519672239911568,28.267405097875823,-11.91106349282529,-8.358608523977985
2002-01-26,10.946320562021642,27.610962295707512,-10.025974203228966,-8.063105667940983
2002-01-27,9.122610771639012,28.54430923898241,-11.020057371452106,-6.808336359595075
2002-01-28,9.019589826880937,28.82511918858044,-10.132768092473892,-5.75843971536012
2002-01-29,7.841496364142943,28.967941223525024,-10.85032714559422,-5.5253914190656905
2002-01-30,6.999652851342263,28.161224592725535,-12.904911554350415,-5.636315101501926
2002-01-31,8.254526777979546,26.699753797958167,-13.605955014728387,-6.52699659945619
2002-02-01,7.869642357327064,26.401739101111886,-14.12224435502672,-7.69864018068796
2002-02-02,7.765234449724546,25.95899585767867,-13.099304454498673,-7.2511849561775135
2002-02-03,7.626017682911289,28.11424242435947,-14.358231126550468,-7.6609812839477875
2002-02-04,7.2710522493943035,30.09243533078191,-15.048418890875334,-9.487117281215824
2002-02-05,7.93393586436449,30.031718971151907,-14.90918834923289,-8.661220408612152
2002-02-06,8.489822978363646,29.342155388151966,-14.89514743305745,-6.12191527265071
2002-02-07,8.077846718616879,28.788621226466034,-13.446554159220444,-6.369354865035534
2002-02-08,9.504138795730329,29.160549059489487,-12.996584480339978,-5.226709986109546
2002-02-09,9.927874267848384,29.37145644397573,-13.043997909707238,-4.57954053559204
2002-02-10,10.815476964437103,30.770490155393702,-13.0515867777213,-4.583728664927892
2002-02-11,11.93682104421532,31.495710833731774,-11.987677924798115,-3.3708083228604755
2002-02-12,11.444222851885856,30.620711167591946,-13.591413979244704,-2.6931685463257637
2002-02-13,9.452489506921182,32.72300942864631,-14.760409682757745,-2.651121363739768
2002-02-14,10.584478688933256,31.349888737774787,-15.648548735711985,-4.882558483924498
2002-02-15,10.150480765051432,30.830646721522104,-14.503066239603138,-4.526318559473684
2002-02-16,9.634600838455992,29.786247637791917,-17.653013671071367,-5.596950983036491
2002-02-17,9.953311053978847,31.218708464814558,-16.08693623680227,-3.8716548144856575
2002-02-18,10.480716827656213,31.503840386718647,-15.524852690634892,-3.0081353778745332
2002-02-19,12.84926329584524,31.590284673127222,-15.903815143195015,-4.426398637846589
2002-02-20,13.496078528540162,29.509656384276,-13.323177503894525,-5.72382848262468
2002-02-21,14.005711722071108,27.896311816940422,-12.053889078645305,-5.212970513982373
2002-02-22,13.580440736263176,29.37554140877927,-13.533436287875073,-4.63270795593497
2002-02-23,14.077069168095088,29.8982366363709,-14.178505227859684,-4.339342557580866
2002-02-24,13.225782900688225,29.592476121847504,-14.758761673583344,-4.386654790166791
2002-02-25,13.285946994637534,29.324027571534195,-15.91334348971182,-5.696102748244627
2002-02-26,10.955113198050775,30.39896665730103,-15.434571943426155,-7.788908019969025
2002-02-27,10.359081370231975,30.52406485560768,-15.742677142609002,-7.083104208948749
2002-02-28,9.504897219405766,30.81291128703934,-16.077102161093265,-8.471329155624346
2002-03-01,9.208143811225662,32.736193220947335,-15.693931496891423,-7.395813146008894
2002-03-02,10.528547524413558,30.949554205489296,-16.03782479703152,-7.329674040591233
2002-03-03,12.231498167519788,31.68717283700829,-16.161494655034637,-7.271777420503806
2002-03-04,12.224980237194291,30.332215724725668,-16.405586007346642,-6.789305613248758
2002-03-05,11.909642906580757,30.544116540853192,-16.852726589805552,-5.207135441606764
2002-03-06,12.948510850984349,30.724690891691736,-15.940735614665934,-5.770934553001732
2002-03-07,12.743122371639444,31.22275727318028,-16.369453162181536,-4.412141935668399
2002-03-08,12.642540447384757,30.75434495685841,-18.90857869379035,-3.0671902647598315
2002-03-09,13.218404190300776,28.9396361773726,-18.73267506885705,-2.6214658355329394
2002-03-10,12.646922958972281,28.278344673170338,-18.27469200293385,-3.7003978950662417
2002-03-11,14.327655202853165,27.678322785687698,-18.272039294780047,-3.631882883697443
2002-03-12,14.131506495148866,26.858670322628804,-17.51623052019023,-4.417606362957323
2002-03-13,15.955672334716947,28.34349502136079,-17.619237011835956,-4.624748369041348
2002-03-14,15.338185579338527,27.34058542055199,-17.957523656940133,-5.009712053773097
2002-03-15,16.413525885189166,26.684971020627202,-18.13938435848044,-6.788819820421249
2002-03-16,15.950089931844229,26.965896575476467,-17.233831380972372,-6.159976609465694
2002-03-17,16.61253702362074,26.106205812509387,-17.13770469067258,-6.7904672210433965
2002-03-18,17.12387145958818,26.757335330932843,-18.88949213858696,-7.139881977459605
2002-03-19,17.071894917098245,28.208667798660642,-18.174018229230704,-7.298966575840199
2002-03-20,18.001039127541407,27.443817067047696,-19.240859024469273,-6.917129811215364
2002-03-21,16.46512422077237,29.129907345489837,-18.424539206807964,-5.492151423670654
2002-03-22,16.317169611211252,31.579193249629963,-20.146191480750392,-5.549771104362707
2002-03-23,16.78570910186305,29.980872039450077,-20.616336733045515,-5.3486054334471405
2002-03-24,16.277165818288985,30.044214041527294,-21.855255830104685,-4.079488657460962
2002-03-25,18.49003976708169,30.885239683928102,-22.456102521397437,-2.2673528635191467
2002-03-26,16.99645671247492,30.000305451609652,-21.220672223403145,-1.0355334083325598
2002-03-27,15.352683666089744,29.026584121409684,-21.388188783864432,-0.44293362931710056
2002-03-28,14.653945606761736,28.056565051739973,-21.884331939621795,-0.661525845516739
2002-03-29,16.210900102807813,27.23632529467651,-21.23224669555381,-2.0142943765570576
2002-03-30,17.160480259549807,27.30014778053957,-22.148705596734057,-1.8896658823401076
2002-03-31,16.67622201175068,29.007544646605876,-23.263366126833315,-2.483331313194722
2002-04-01,17.67051703629222,29.779000275960748,-23.986926229796836,-4.852338128927045
2002-04-02,17.064182258664427,28.816418695238387,-23.767777520228613,-4.26640191897762
2002-04-03,17.09599196532556,29.9069160117238,-23.3929341179336,-5.0776643570573174
2002-04-04,16.731790960309066,30.202394045437924,-24.292794971026414,-5.682833351441266
2002-04-05,17.29890145503329,29.67635029857231,-25.058915890005906,-4.968669138484008
2002-04-06,19.857119605347062,28.826821503249846,-24.91819344569798,-4.890070100956777
2002-04-07,20.79288647694543,28.398306817076477,-25.463521434118878,-4.758554023782271
2002-04-08,18.949316151788306,28.741952845107406,-23.459146682986788,-4.926053766953817
2002-04-09,20.003798033721548,28.028503580515153,-25.027449268794204,-4.3416483935216945
2002-04-10,19.84974921766346,28.160277984041112,-24.169168913887546,-4.81343716014364
2002-04-11,18.680955333895923,27.76506444877053,-24.45218805516168,-4.445515205360275
2002-04-12,19.18100550435116,27.767390277213995,-23.47704074871303,-6.147429780796848
2002-04-13,18.875161424488656,27.934811620177715,-22.254165059843267,-6.579886919266083
2002-04-14,19.049950859178864,25.987700577634822,-21.222310762649926,-5.153604205494796
2002-04-15,19.603000799205194,25.651439916079234,-22.273278170049878,-3.8557961839717105
2002-04-16,18.837163200726266,25.309668098404945,-22.752760552899783,-4.436457845059687
2002-04-17,19.769167339225003,24.272208691650544,-23.28396333019035,-5.553167944028258
2002-04-18,18.941265906089537,24.14021314513654,-23.559922783717305,-5.784127118961698
2002-04-19,20.52247080660108,25.950818821463,-23.00916286042165,-6.380413928748497
2002-04-20,20.423026104095754,25.087619019984164,-22.157633189610078,-4.778520175622913
2002-04-21,21.233157287094624,25.736175697310628,-24.881425309465246,-4.17944456185669
2002-04-22,22.488153525912946,27.706290253833092,-23.30182589931343,-3.839210007360194
2002-04-23,22.568304216190185,27.29211476072154,-23.064926553701735,-5.200702915596683
2002-04-24,22.584059902567944,25.64531105390588,-25.806190079744994,-4.685933193103949
2002-04-25,22.532775481370546,22.854203127340842,-26.299194555607745,-4.912582135199532
2002-04-26,23.004895330207276,23.453498615972247,-26.610960817596414,-4.595185538681221
2002-04-27,22.293304804380398,22.537603217816798,-25.987819733746342,-4.394686767452843
2002-04-28,21.979987668126494,23.591480035355023,-24.922506887766787,-4.011233426689005
2002-04-29,22.70693356923579,22.617398571546754,-24.642766613495404,-3.5185255086672584
2002-04-30,25.37505280160338,22.755017111695857,-25.47280681066884,-2.927801293115322
2002-05-01,24.957584387316032,21.485492504284835,-24.603649685411284,-3.3497225332225944
2002-05-02,25.461486036501817,23.245057859584946,-24.59342867839443,-2.047719836661326
2002-05-03,24.695360951503854,23.21586607162209,-25.408483255343487,-3.1072847905457848
2002-05-04,25.699318360261355,25.622972420619185,-26.44738540266472,-3.629675132327049
2002-05-05,23.835763954565103,25.344304178660447,-25.458180521254352,-2.755330170486867
2002-05-06,23.530040620117756,25.0266461324028,-25.30505325912218,-2.5331467599778157
2002-05-07,23.756724850384604,23.874146513508105,-27.114666723320305,-4.4338192063992965
2002-05-08,23.99928977712093,24.017272080807526,-27.333808152578943,-5.416728057144796
2002-05-09,24.991276847790633,24.82572714919919,-27.66869176498727,-3.6689631588262124
2002-05-10,24.035088177172096,26.21330355296155,-27.335079312765387,-5.074616243501348
2002-05-11,24.94826416223074,25.046385892402014,-26.67801406883399,-4.707599220950907
2002-05-12,24.061081145702254,25.151848840131386,-27.559444699598544,-5.201316198244176
2002-05-13,25.54775529256023,25.20040818186703,-27.678875469014994,-3.2732218086042844
2002-05-14,25.82091426931425,24.585758143872653,-26.559688358109472,-4.10491845655994
2002-05-15,25.585941986844045,25.804879588399736,-25.96474464621562,-3.8441908633151227
2002-05-16,26.66528524812604,25.559023945215408,-26.67623474942258,-5.394763902846227
2002-05-17,27.334551670927898,26.164281289909095,-25.84771015499875,-5.107637693234689
2002-05-18,27.876710037494366,27.49032233497437,-26.568440959697416,-4.988156382074307
2002-05-19,28.27727764308724,26.655270098719015,-25.995128626082018,-5.271546011631004
2002-05-20,28.40628567620693,24.77356234741234,-25.64756531342592,-6.379271257820541
2002-05-21,27.64591765244535,25.680985885834854,-25.983870147284204,-8.02766658917228
2002-05-22,27.51958539564221,27.403558392188113,-27.043408100176094,-9.869082236728987
2002-05-23,26.22794831302391,28.40057840069718,-27.084098207963436,-9.656638934495389
2002-05-24,26.238296073150035,27.010241800627792,-27.17374047986547,-9.406718085219513
2002-05-25,26.976088234587404,26.907270497983333,-27.709646090827043,-9.02054710462706
2002-05-26,28.033185010263054,27.423443727083633,-25.892281451091492,-8.01645982865417
2002-05-27,27.811987049153217,28.522371328697446,-25.428943692588213,-9.605393171171922
2002-05-28,28.193764664052786,28.57544635218531,-26.484053768247822,-8.641667848531382
2002-05-29,27.88969661431741,28.44358240699932,-30.16969501717039,-7.643717061120446
2002-05-30,28.13230145985188,28.510095579561067,-30.825176600231572,-7.3462977201480095
2002-05-31,27.7058232906832,25.53651470457879,-32.33191974062274,-9.77131933450207
2002-06-01,27.347532797127776,26.16879642810218,-31.643737630404683,-9.373882867271877
2002-06-02,27.59927183696911,26.820963549020608,-30.189882628965982,-8.614359409021654
2002-06-03,27.072580609473423,25.21746106380438,-30.29984652551159,-9.956827703628981
2002-06-04,26.861878204887358,23.23906309860419,-31.764834107246696,-11.244096666328804
2002-06-05,26.484296027754993,24.95646737081713,-31.6727572657503,-9.439635173486156
2002-06-06,24.602358541792512,22.144582596524536,-31.77483094660647,-10.07986417615124
2002-06-07,24.615374125647374,21.51829476137394,-31.683041359778596,-9.821818446872172
2002-06-08,25.47867668467415,20.206556351708638,-32.90357571933916,-10.266072285811939
2002-06-09,26.197917579284344,21.237657368341566,-33.03229617144422,-11.174646645490588
2002-06-10,26.980543482532195,21.343352202798815,-31.239823262417865,-13.456016443066666
2002-06-11,24.82890533159933,20.671743673852088,-30.271496322591624,-14.293554397556411
2002-06-12,24.92527467002856,21.23753607664205,-30.50280717580564,-14.692074459574302
2002-06-13,25.64076242847034,21.334210022450666,-32.53675371196385,-14.038029752205702
2002-06-14,25.184996287182017,20.10062576131956,-33.516776877406194,-13.866306815778653
2002-06-15,25.01617715897967,19.671441653866687,-36.098329139701605,-14.181779048094471
2002-06-16,26.426833398523886,19.195000130274202,-37.00969105204066,-14.67170084901401
2002-06-17,25.83111411134646,19.377950672435066,-37.703274406706505,-14.744696022764545
2002-06-18,26.523234000892206,18.62814239557143,-38.246310919956926,-14.312843059100635
2002-06-19,25.19296057582716,18.73091755137475,-40.10027935178824,-13.689878134291513
2002-06-20,26.141916147678703,17.93152550884171,-41.2477389357914,-13.324631892809697
2002-06-21,25.944415219872642,18.556014545409667,-40.97057187917549,-14.360076823284567
2002-06-22,26.15351862433956,17.32016413043076,-42.467190907328614,-14.850478308277692
2002-06-23,25.295224990345748,15.662358257237107,-42.90444967603841,-13.15897191516591
2002-06-24,25.56719475056352,14.834948820718324,-44.28318445651917,-14.735375885972644
2002-06-25,24.719436490185444,16.529538785549942,-43.370771229042305,-16.09145930371318
2002-06-26,25.90712124605578,17.18614095265767,-42.20050973438764,-14.913667551334786
2002-06-27,25.553261352019856,17.953667344515406,-42.958968147188074,-16.680425553477203
2002-06-28,24.542551267807443,17.383767760635752,-43.13607709839814,-16.099082785348774
2002-06-29,24.857203063417057,15.143191481926646,-43.55263908710888,-16.139388378268073
2002-06-30,24.391187582515446,15.28794459362131,-43.01063734154017,-16.95661429850257
2002-07-01,24.572797813843806,14.550750241682072,-41.67775155368331,-15.851085568850008
2002-07-02,23.528197374431993,13.96246662925653,-40.82791328070009,-17.168413828610493
2002-07-03,23.816753122968677,14.469550850460159,-40.3604698578427,-17.464345081288684
2002-07-04,22.11451765115938,13.820901168294604,-39.57936671215641,-16.817251119784952
2002-07-05,21.590509017915426,13.789283716803059,-40.23399719193859,-14.75430388853555
2002-07-06,22.675442005120033,13.349645412838262,-39.04209215308969,-14.263203094157275
2002-07-07,22.69861043527998,12.791710677472683,-40.65165466373156,-14.080378038659454
2002-07-08,23.307286031997524,13.272761859505142,-40.12931938828958,-14.862725369051173
2002-07-09,25.188632653236898,13.656984347101147,-38.73220970557706,-14.319673286204951
2002-07-10,26.631480672402862,13.235887247504095,-40.28727202916613,-14.944344842635642
2002-07-11,24.593135171204935,13.176806364536453,-38.23366402375812,-16.985118868696794
2002-07-12,23.341392025888144,13.573031500311275,-37.08864537494936,-17.00278864498384
2002-07-13,22.63689038090653,13.330373710334808,-37.15506893948863,-15.943053267230132
2002-07-14,23.820151894135744,13.62770782573158,-37.9865620075175,-16.182475455095346
2002-07-15,24.684692680506622,14.646838091870535,-38.418788439292754,-17.886139707565647
2002-07-16,24.173490868516367,14.092353129089512,-38.73188496471843,-17.344684600103758
2002-07-17,25.084610926437545,12.76942334637567,-38.64763493441958,-16.076977869503175
2002-07-18,24.076886180769346,11.98724903812102,-39.57038573195474,-16.161370909931833
2002-07-19,23.96243470580985,11.79896166516938,-39.68350936404478,-17.75287073661409
2002-07-20,23.617640241033513,11.792150479069662,-38.857545103515065,-19.3795294688428
2002-07-21,24.41581448555145,11.489937762575023,-39.40531848699738,-18.717959893205876
2002-07-22,25.432121358340748,10.432227497567942,-39.22343666326946,-18.438175467893053
2002-07-23,25.83378149447454,8.465183764296505,-39.889043854719084,-19.672694071572444
2002-07-24,24.286473829214017,8.302770324505934,-39.96232121747274,-20.104732812887693
2002-07-25,24.51422196290126,9.020826108262074,-39.479413689169554,-19.08649984746312
2002-07-26,24.369251209171207,8.553749781986468,-40.40818230299777,-18.661866838374625
2002-07-27,23.40330958549504,7.913774798326533,-39.60318591587433,-19.53443778389508
2002-07-28,23.895744462841495,8.332020203199855,-39.327136008288534,-18.855705768673964
2002-07-29,22.739021055092365,7.697654862495313,-38.98748358015546,-18.623495709207486
2002-07-30,24.16670887609537,7.13980330453604,-38.52415942307531,-18.539394482136373
2002-07-31,24.19773523780895,8.401468591304429,-38.29819538818289,-16.599923295035495
2002-08-01,22.812958929823683,6.0349519839917045,-37.260887699213335,-16.48180929225233
2002-08-02,23.58009613893944,5.74829658332442,-36.68746155374516,-15.90104529375189
2002-08-03,23.9016033233772,6.0039945879866865,-36.28630116059303,-14.992840228261732
2002-08-04,23.87269751824971,7.056081784157908,-36.02650546776531,-14.309617538509288
2002-08-05,23.94109272135734,7.1307260660845175,-35.1874628761515,-14.379771061467485
2002-08-06,24.812758916994746,6.0201125924885694,-34.218804454523614,-13.110256385139454
2002-08-07,24.949146428901077,4.711319681892846,-33.77661174686186,-11.775831692452389
2002-08-08,24.133511033015125,4.539818403343573,-33.14496751254995,-13.0875972491811
2002-08-09,25.420250188413863,3.955711751703171,-31.073366703601515,-13.566250127388189
2002-08-10,24.484880157043147,4.791589165410494,-30.42982949071725,-15.161004611204145
2002-08-11,25.103540012977717,5.980222317034071,-31.575812910738243,-16.019926405664794
2002-08-12,23.942971257742332,6.350948613691973,-32.620702101938484,-13.72161868030885
2002-08-13,23.90764775260371,6.54336387500473,-31.894455388494258,-14.006658625662663
2002-08-14,23.258862498827575,7.012225871795161,-32.322446252344484,-14.986433891753677
2002-08-15,22.292714537595796,6.22288857146645,-32.32120626033224,-14.749356981059103
2002-08-16,22.185556950618892,6.0767162034404825,-31.620057641172547,-14.80768426072813
2002-08-17,22.494937732860002,6.902106516256431,-30.792283345750693,-15.989971672625025
2002-08-18,22.153383145028418,6.2639235694196955,-32.19450555308903,-15.294463087514968
2002-08-19,22.980040779575873,5.58608042065614,-34.550639609113745,-15.91865693821276
2002-08-20,22.240938705393084,4.853632960387044,-34.19860796215278,-15.061775824032942
2002-08-21,23.025148922128807,3.768003219800195,-34.95796835977032,-15.773610421050568
2002-08-22,24.504384123659797,2.9988171805245876,-37.12500890551525,-17.48021553636237
2002-08-23,26.209965387908465,3.177801352902139,-36.42981887866685,-16.253711523406118
2002-08-24,25.29917784433178,4.380472745546609,-35.373923264899915,-16.148848323361
2002-08-25,25.547297482422586,4.899239280313965,-35.25528524267524,-14.865722073193385
2002-08-26,26.246418979603572,3.0763319042594315,-36.40132011618059,-15.116623189604672
2002-08-27,25.275989717936422,3.226701375149942,-35.76245169505562,-15.406674246827034
2002-08-28,25.686364493481253,4.006437324382064,-35.86262100521072,-15.791344453274306
2002-08-29,25.548654315996462,3.1972574598148453,-36.08536758978176,-17.85640040088043
2002-08-30,26.000461763974535,1.394592560950578,-36.471549471262065,-16.28261695977632
2002-08-31,24.711397648351866,1.2107575879654502,-34.93429835127091,-16.58512896302519
2002-09-01,23.74117015464465,0.6025282486209519,-35.82447533486038,-17.120225768035677
2002-09-02,21.903198041729844,-1.1156537839211738,-36.009131331040805,-17.893525524892052
2002-09-03,22.313952611969263,-1.9155708925582606,-35.47382756257764,-19.412519930896874
2002-09-04,21.542358838548406,-1.3141543744915716,-34.36161014078913,-19.45483943388726
2002-09-05,20.713699330256897,-0.33712639038449477,-33.46265681840252,-20.32425557868426
2002-09-06,20.905744346461624,1.196551039692138,-32.0992148412087,-20.627144782648326
2002-09-07,20.10349058789443,3.5146220002916304,-30.586234104644003,-20.552516161782346
2002-09-08,21.071227907635645,3.1216834518023706,-28.264708217963708,-21.570879781511405
2002-09-09,22.933470340340474,3.7399056714735623,-27.742872863007047,-20.45704071443825
2002-09-10,24.077566334842754,3.1327760134085136,-27.291119452925727,-20.59527297992103
2002-09-11,25.021324303632877,3.412029387905968,-27.275235993724138,-21.673533749926275
2002-09-12,22.77970515381904,4.52544091768609,-26.241272041540558,-20.732178955887417
2002-09-13,20.911797373582793,2.559540594633832,-27.78087386973672,-22.401427843579334
2002-09-14,19.230063857790952,2.940435223802592,-28.610067830706498,-23.000519264415985
2002-09-15,17.44746556857046,3.0955630615793672,-28.25947885389758,-24.377603400789305
2002-09-16,16.67292472789111,3.6144040078929454,-27.10420409943128,-25.1956767609293
2002-09-17,16.276839290748768,5.429159043372293,-27.569504143863742,-25.456511109261825
2002-09-18,16.47185574831606,5.08569037666108,-28.092752901983282,-25.079115862201373
2002-09-19,17.165113678911588,6.804446968570635,-28.262980465017563,-26.241400399773028
2002-09-20,16.747356686214772,7.251755565924662,-28.340753511336406,-27.543480814161892
2002-09-21,15.980046199178794,6.443932772909318,-29.567613564759203,-27.925010396449846
2002-09-22,17.732530575750232,7.698898021276635,-29.17205742008816,-28.0240096987387
2002-09-23,18.555243309182867,6.940208544197975,-28.237167041470627,-27.816755370932515
2002-09-24,17.892252336377943,5.901216239618747,-29.05619848920652,-27.91875623702513
2002-09-25,18.838181327673773,5.909650748443814,-29.688970963880397,-26.48711965995262
2002-09-26,19.816307980231883,6.874085720662173,-28.854267504190197,-26.7873260190681
